id;cpt_id;date;name;counts;status_libelle;domain;user_type_libelle;installation_date;counter;latitude;longitude;lamb93_x;lamb93_y;gps_x_long;gps_y_lat;meta_millesime;meta_datmaj
;102058052;20210118000000;St Lazare vers Thiers < 12 kmh;40;brute;Mairie d'Avignon Service Mobilité;vélo;20200127000000;X2H19111551;43.94737000002229;4.8177;845912.5277065535;6318164.725833958;4.8177;43.94737000002229;2021;20210124060654.9808
;100052946;20210101000000;Pont Daladier Piétons;769;brute;Mairie d'Avignon Service Mobilité;piéton;20190701000000;Y2H19058715;43.95111000002228;4.80119;844577.9700478094;6318549.81990354;4.80119;43.95111000002228;2021;20210107060713.666926
;100052947;20210115000000;Pont Daladier Vélos;627;brute;Mairie d'Avignon Service Mobilité;vélo;20190701000000;YTH19058714;43.95094043703588;4.8022500733126225;844663.4752643049;6318532.925286681;4.8022500733126225;43.95094043703588;2021;20210121060708.708253
;103058052;20210108000000;Thiers vers St Lazare entre 12 et 21 kmh;217;brute;Mairie d'Avignon Service Mobilité;vélo;20200127000000;X2H19111551;43.94737000002229;4.8177;845912.5277065535;6318164.725833958;4.8177;43.94737000002229;2021;20210114060648.998226
;101052947;20210106000000;Pont Daladier Vélos Vélos sortie de ville;238;brute;Mairie d'Avignon Service Mobilité;vélo;20190701000000;YTH19058714;43.95094043703588;4.8022500733126225;844663.4752643049;6318532.925286681;4.8022500733126225;43.95094043703588;2021;20210112060626.74592
;353242244;20210115000000;Pont Daladier Vélos [Bike OUT];118;brute;Mairie d'Avignon Service Mobilité;vélo;20201129040000;YTH19058714;43.95094043703588;4.8022500733126225;844663.4752643049;6318532.925286681;4.8022500733126225;43.95094043703588;2021;20210121060634.299978
;100052946;20210117000000;Pont Daladier Piétons;999;brute;Mairie d'Avignon Service Mobilité;piéton;20190701000000;Y2H19058715;43.95111000002228;4.80119;844577.9700478094;6318549.81990354;4.80119;43.95111000002228;2021;20210123060717.12858
;102058052;20210112000000;St Lazare vers Thiers < 12 kmh;42;brute;Mairie d'Avignon Service Mobilité;vélo;20200127000000;X2H19111551;43.94737000002229;4.8177;845912.5277065535;6318164.725833958;4.8177;43.94737000002229;2021;20210118060644.431375
;102052947;20210111000000;Pont Daladier Vélos Vélos entrée de ville;119;brute;Mairie d'Avignon Service Mobilité;vélo;20190701000000;YTH19058714;43.95094043703588;4.8022500733126225;844663.4752643049;6318532.925286681;4.8022500733126225;43.95094043703588;2021;20210117060629.07499
;101052947;20210105000000;Pont Daladier Vélos Vélos sortie de ville;240;brute;Mairie d'Avignon Service Mobilité;vélo;20190701000000;YTH19058714;43.95094043703588;4.8022500733126225;844663.4752643049;6318532.925286681;4.8022500733126225;43.95094043703588;2021;20210111060622.453381
;101052946;20210121000000;Pont Daladier Piétons Piétons sortie de ville;26;brute;Mairie d'Avignon Service Mobilité;piéton;20190701000000;Y2H19058715;43.95111000002228;4.80119;844577.9700478094;6318549.81990354;4.80119;43.95111000002228;2021;20210128172216
;100052947;20210113000000;Pont Daladier Vélos;568;brute;Mairie d'Avignon Service Mobilité;vélo;20190701000000;YTH19058714;43.95094043703588;4.8022500733126225;844663.4752643049;6318532.925286681;4.8022500733126225;43.95094043703588;2021;20210119060707.172852
;102052947;20210101000000;Pont Daladier Vélos Vélos entrée de ville;109;brute;Mairie d'Avignon Service Mobilité;vélo;20190701000000;YTH19058714;43.95094043703588;4.8022500733126225;844663.4752643049;6318532.925286681;4.8022500733126225;43.95094043703588;2021;20210107060632.220715
;100052946;20210108000000;Pont Daladier Piétons;668;brute;Mairie d'Avignon Service Mobilité;piéton;20190701000000;Y2H19058715;43.95111000002228;4.80119;844577.9700478094;6318549.81990354;4.80119;43.95111000002228;2021;20210114060711.813872
;101052946;20210123000000;Pont Daladier Piétons Piétons sortie de ville;462;brute;Mairie d'Avignon Service Mobilité;piéton;20190701000000;Y2H19058715;43.95111000002228;4.80119;844577.9700478094;6318549.81990354;4.80119;43.95111000002228;2021;20210130060616
;100052947;20210108000000;Pont Daladier Vélos;497;brute;Mairie d'Avignon Service Mobilité;vélo;20190701000000;YTH19058714;43.95094043703588;4.8022500733126225;844663.4752643049;6318532.925286681;4.8022500733126225;43.95094043703588;2021;20210114060710.762971
;353242241;20210115000000;Pont Daladier Vélos [Bike IN];80;brute;Mairie d'Avignon Service Mobilité;vélo;20201129040000;YTH19058714;43.95094043703588;4.8022500733126225;844663.4752643049;6318532.925286681;4.8022500733126225;43.95094043703588;2021;20210121060630.999077
;100052946;20210111000000;Pont Daladier Piétons;604;brute;Mairie d'Avignon Service Mobilité;piéton;20190701000000;Y2H19058715;43.95111000002228;4.80119;844577.9700478094;6318549.81990354;4.80119;43.95111000002228;2021;20210117060708.839447
;353242241;20210101000000;Pont Daladier Vélos [Bike IN];56;brute;Mairie d'Avignon Service Mobilité;vélo;20201129040000;YTH19058714;43.95094043703588;4.8022500733126225;844663.4752643049;6318532.925286681;4.8022500733126225;43.95094043703588;2021;20210107060636.010756
;102058052;20210115000000;St Lazare vers Thiers < 12 kmh;45;brute;Mairie d'Avignon Service Mobilité;vélo;20200127000000;X2H19111551;43.94737000002229;4.8177;845912.5277065535;6318164.725833958;4.8177;43.94737000002229;2021;20210121060641.500887
;101052946;20210104000000;Pont Daladier Piétons Piétons sortie de ville;216;brute;Mairie d'Avignon Service Mobilité;piéton;20190701000000;Y2H19058715;43.95111000002228;4.80119;844577.9700478094;6318549.81990354;4.80119;43.95111000002228;2021;20210110060615.014308
;353242244;20210106000000;Pont Daladier Vélos [Bike OUT];126;brute;Mairie d'Avignon Service Mobilité;vélo;20201129040000;YTH19058714;43.95094043703588;4.8022500733126225;844663.4752643049;6318532.925286681;4.8022500733126225;43.95094043703588;2021;20210112060638.320987
;100052947;20210123000000;Pont Daladier Vélos;750;brute;Mairie d'Avignon Service Mobilité;vélo;20190701000000;YTH19058714;43.95094043703588;4.8022500733126225;844663.4752643049;6318532.925286681;4.8022500733126225;43.95094043703588;2021;20210130060719
;102052946;20210114000000;Pont Daladier Piétons Piétons entrée de ville;418;brute;Mairie d'Avignon Service Mobilité;piéton;20190701000000;Y2H19058715;43.95111000002228;4.80119;844577.9700478094;6318549.81990354;4.80119;43.95111000002228;2021;20210120060649.318073
;353242241;20210110000000;Pont Daladier Vélos [Bike IN];42;brute;Mairie d'Avignon Service Mobilité;vélo;20201129040000;YTH19058714;43.95094043703588;4.8022500733126225;844663.4752643049;6318532.925286681;4.8022500733126225;43.95094043703588;2021;20210116060633.910538
;100052946;20210109000000;Pont Daladier Piétons;820;brute;Mairie d'Avignon Service Mobilité;piéton;20190701000000;Y2H19058715;43.95111000002228;4.80119;844577.9700478094;6318549.81990354;4.80119;43.95111000002228;2021;20210115060710.131563
;100052946;20210110000000;Pont Daladier Piétons;505;brute;Mairie d'Avignon Service Mobilité;piéton;20190701000000;Y2H19058715;43.95111000002228;4.80119;844577.9700478094;6318549.81990354;4.80119;43.95111000002228;2021;20210116060710.277366
;353242244;20210118000000;Pont Daladier Vélos [Bike OUT];81;brute;Mairie d'Avignon Service Mobilité;vélo;20201129040000;YTH19058714;43.95094043703588;4.8022500733126225;844663.4752643049;6318532.925286681;4.8022500733126225;43.95094043703588;2021;20210124060646.663628
;102052947;20210117000000;Pont Daladier Vélos Vélos entrée de ville;188;brute;Mairie d'Avignon Service Mobilité;vélo;20190701000000;YTH19058714;43.95094043703588;4.8022500733126225;844663.4752643049;6318532.925286681;4.8022500733126225;43.95094043703588;2021;20210123060629.537822
;100052946;20210119000000;Pont Daladier Piétons;1033;brute;Mairie d'Avignon Service Mobilité;piéton;20190701000000;Y2H19058715;43.95111000002228;4.80119;844577.9700478094;6318549.81990354;4.80119;43.95111000002228;2021;20210126060716.056507
;102058052;20210104000000;St Lazare vers Thiers < 12 kmh;32;brute;Mairie d'Avignon Service Mobilité;vélo;20200127000000;X2H19111551;43.94737000002229;4.8177;845912.5277065535;6318164.725833958;4.8177;43.94737000002229;2021;20210110060640.444004
;353242244;20210110000000;Pont Daladier Vélos [Bike OUT];44;brute;Mairie d'Avignon Service Mobilité;vélo;20201129040000;YTH19058714;43.95094043703588;4.8022500733126225;844663.4752643049;6318532.925286681;4.8022500733126225;43.95094043703588;2021;20210116060637.251705
;100052946;20210106000000;Pont Daladier Piétons;717;brute;Mairie d'Avignon Service Mobilité;piéton;20190701000000;Y2H19058715;43.95111000002228;4.80119;844577.9700478094;6318549.81990354;4.80119;43.95111000002228;2021;20210113060710.327136
;100052947;20210121000000;Pont Daladier Vélos;58;brute;Mairie d'Avignon Service Mobilité;vélo;20190701000000;YTH19058714;43.95094043703588;4.8022500733126225;844663.4752643049;6318532.925286681;4.8022500733126225;43.95094043703588;2021;20210128172317
;100052947;20210107000000;Pont Daladier Vélos;549;brute;Mairie d'Avignon Service Mobilité;vélo;20190701000000;YTH19058714;43.95094043703588;4.8022500733126225;844663.4752643049;6318532.925286681;4.8022500733126225;43.95094043703588;2021;20210113060711.276356
;101058052;20210114000000;Thiers vers St Lazare  < 12 kmh;40;brute;Mairie d'Avignon Service Mobilité;vélo;20200127000000;X2H19111551;43.94737000002229;4.8177;845912.5277065535;6318164.725833958;4.8177;43.94737000002229;2021;20210119060638.255025
;103058052;20210118000000;Thiers vers St Lazare entre 12 et 21 kmh;248;brute;Mairie d'Avignon Service Mobilité;vélo;20200127000000;X2H19111551;43.94737000002229;4.8177;845912.5277065535;6318164.725833958;4.8177;43.94737000002229;2021;20210124060659.342944
;353242244;20210123000000;Pont Daladier Vélos [Bike OUT];160;brute;Mairie d'Avignon Service Mobilité;vélo;20201129040000;YTH19058714;43.95094043703588;4.8022500733126225;844663.4752643049;6318532.925286681;4.8022500733126225;43.95094043703588;2021;20210130060639
;101058052;20210103000000;Thiers vers St Lazare  < 12 kmh;38;brute;Mairie d'Avignon Service Mobilité;vélo;20200127000000;X2H19111551;43.94737000002229;4.8177;845912.5277065535;6318164.725833958;4.8177;43.94737000002229;2021;20210109060636.902541
;101052946;20210114000000;Pont Daladier Piétons Piétons sortie de ville;454;brute;Mairie d'Avignon Service Mobilité;piéton;20190701000000;Y2H19058715;43.95111000002228;4.80119;844577.9700478094;6318549.81990354;4.80119;43.95111000002228;2021;20210120060645.732054
;102052946;20210115000000;Pont Daladier Piétons Piétons entrée de ville;311;brute;Mairie d'Avignon Service Mobilité;piéton;20190701000000;Y2H19058715;43.95111000002228;4.80119;844577.9700478094;6318549.81990354;4.80119;43.95111000002228;2021;20210121060619.81306
;103058052;20210101000000;Thiers vers St Lazare entre 12 et 21 kmh;61;brute;Mairie d'Avignon Service Mobilité;vélo;20200127000000;X2H19111551;43.94737000002229;4.8177;845912.5277065535;6318164.725833958;4.8177;43.94737000002229;2021;20210107060650.797577
;100052947;20210112000000;Pont Daladier Vélos;497;brute;Mairie d'Avignon Service Mobilité;vélo;20190701000000;YTH19058714;43.95094043703588;4.8022500733126225;844663.4752643049;6318532.925286681;4.8022500733126225;43.95094043703588;2021;20210118060710.647897
;102052947;20210118000000;Pont Daladier Vélos Vélos entrée de ville;136;brute;Mairie d'Avignon Service Mobilité;vélo;20190701000000;YTH19058714;43.95094043703588;4.8022500733126225;844663.4752643049;6318532.925286681;4.8022500733126225;43.95094043703588;2021;20210125060628.910441
;101058052;20210118000000;Thiers vers St Lazare  < 12 kmh;66;brute;Mairie d'Avignon Service Mobilité;vélo;20200127000000;X2H19111551;43.94737000002229;4.8177;845912.5277065535;6318164.725833958;4.8177;43.94737000002229;2021;20210124060650.699336
;100052946;20210113000000;Pont Daladier Piétons;906;brute;Mairie d'Avignon Service Mobilité;piéton;20190701000000;Y2H19058715;43.95111000002228;4.80119;844577.9700478094;6318549.81990354;4.80119;43.95111000002228;2021;20210119060706.399726
;102058052;20210114000000;St Lazare vers Thiers < 12 kmh;46;brute;Mairie d'Avignon Service Mobilité;vélo;20200127000000;X2H19111551;43.94737000002229;4.8177;845912.5277065535;6318164.725833958;4.8177;43.94737000002229;2021;20210119060641.918638
;102052946;20210123000000;Pont Daladier Piétons Piétons entrée de ville;432;brute;Mairie d'Avignon Service Mobilité;piéton;20190701000000;Y2H19058715;43.95111000002228;4.80119;844577.9700478094;6318549.81990354;4.80119;43.95111000002228;2021;20210130060622
;101058052;20210110000000;Thiers vers St Lazare  < 12 kmh;14;brute;Mairie d'Avignon Service Mobilité;vélo;20200127000000;X2H19111551;43.94737000002229;4.8177;845912.5277065535;6318164.725833958;4.8177;43.94737000002229;2021;20210116060640.928112
;100052946;20210120000000;Pont Daladier Piétons;586;brute;Mairie d'Avignon Service Mobilité;piéton;20190701000000;Y2H19058715;43.95111000002228;4.80119;844577.9700478094;6318549.81990354;4.80119;43.95111000002228;2021;20210126180806
;101058052;20210111000000;Thiers vers St Lazare  < 12 kmh;58;brute;Mairie d'Avignon Service Mobilité;vélo;20200127000000;X2H19111551;43.94737000002229;4.8177;845912.5277065535;6318164.725833958;4.8177;43.94737000002229;2021;20210117060639.356156
;353242241;20210103000000;Pont Daladier Vélos [Bike IN];19;brute;Mairie d'Avignon Service Mobilité;vélo;20201129040000;YTH19058714;43.95094043703588;4.8022500733126225;844663.4752643049;6318532.925286681;4.8022500733126225;43.95094043703588;2021;20210109060629.997626
;103058052;20210123000000;Thiers vers St Lazare entre 12 et 21 kmh;139;brute;Mairie d'Avignon Service Mobilité;vélo;20200127000000;X2H19111551;43.94737000002229;4.8177;845912.5277065535;6318164.725833958;4.8177;43.94737000002229;2021;20210130060652
;102052946;20210106000000;Pont Daladier Piétons Piétons entrée de ville;350;brute;Mairie d'Avignon Service Mobilité;piéton;20190701000000;Y2H19058715;43.95111000002228;4.80119;844577.9700478094;6318549.81990354;4.80119;43.95111000002228;2021;20210112060622.372826
;100052947;20210110000000;Pont Daladier Vélos;282;brute;Mairie d'Avignon Service Mobilité;vélo;20190701000000;YTH19058714;43.95094043703588;4.8022500733126225;844663.4752643049;6318532.925286681;4.8022500733126225;43.95094043703588;2021;20210116060710.784567
;103058052;20210103000000;Thiers vers St Lazare entre 12 et 21 kmh;98;brute;Mairie d'Avignon Service Mobilité;vélo;20200127000000;X2H19111551;43.94737000002229;4.8177;845912.5277065535;6318164.725833958;4.8177;43.94737000002229;2021;20210109060644.253445
;102058052;20210108000000;St Lazare vers Thiers < 12 kmh;52;brute;Mairie d'Avignon Service Mobilité;vélo;20200127000000;X2H19111551;43.94737000002229;4.8177;845912.5277065535;6318164.725833958;4.8177;43.94737000002229;2021;20210114060645.343545
;353242241;20210114000000;Pont Daladier Vélos [Bike IN];82;brute;Mairie d'Avignon Service Mobilité;vélo;20201129040000;YTH19058714;43.95094043703588;4.8022500733126225;844663.4752643049;6318532.925286681;4.8022500733126225;43.95094043703588;2021;20210119060631.142227
;100052946;20210104000000;Pont Daladier Piétons;419;brute;Mairie d'Avignon Service Mobilité;piéton;20190701000000;Y2H19058715;43.95111000002228;4.80119;844577.9700478094;6318549.81990354;4.80119;43.95111000002228;2021;20210110060707.227095
;102058052;20210105000000;St Lazare vers Thiers < 12 kmh;56;brute;Mairie d'Avignon Service Mobilité;vélo;20200127000000;X2H19111551;43.94737000002229;4.8177;845912.5277065535;6318164.725833958;4.8177;43.94737000002229;2021;20210111060640.393144
;101058052;20210112000000;Thiers vers St Lazare  < 12 kmh;53;brute;Mairie d'Avignon Service Mobilité;vélo;20200127000000;X2H19111551;43.94737000002229;4.8177;845912.5277065535;6318164.725833958;4.8177;43.94737000002229;2021;20210118060640.767913
;353242241;20210102000000;Pont Daladier Vélos [Bike IN];14;brute;Mairie d'Avignon Service Mobilité;vélo;20201129040000;YTH19058714;43.95094043703588;4.8022500733126225;844663.4752643049;6318532.925286681;4.8022500733126225;43.95094043703588;2021;20210108060630.318844
;353242241;20210106000000;Pont Daladier Vélos [Bike IN];62;brute;Mairie d'Avignon Service Mobilité;vélo;20201129040000;YTH19058714;43.95094043703588;4.8022500733126225;844663.4752643049;6318532.925286681;4.8022500733126225;43.95094043703588;2021;20210112060634.944695
;101052946;20210110000000;Pont Daladier Piétons Piétons sortie de ville;242;brute;Mairie d'Avignon Service Mobilité;piéton;20190701000000;Y2H19058715;43.95111000002228;4.80119;844577.9700478094;6318549.81990354;4.80119;43.95111000002228;2021;20210116060616.47268
;101052947;20210115000000;Pont Daladier Vélos Vélos sortie de ville;243;brute;Mairie d'Avignon Service Mobilité;vélo;20190701000000;YTH19058714;43.95094043703588;4.8022500733126225;844663.4752643049;6318532.925286681;4.8022500733126225;43.95094043703588;2021;20210121060623.645399
;101052946;20210116000000;Pont Daladier Piétons Piétons sortie de ville;377;brute;Mairie d'Avignon Service Mobilité;piéton;20190701000000;Y2H19058715;43.95111000002228;4.80119;844577.9700478094;6318549.81990354;4.80119;43.95111000002228;2021;20210122060614.922238
;101052947;20210120000000;Pont Daladier Vélos Vélos sortie de ville;177;brute;Mairie d'Avignon Service Mobilité;vélo;20190701000000;YTH19058714;43.95094043703588;4.8022500733126225;844663.4752643049;6318532.925286681;4.8022500733126225;43.95094043703588;2021;20210126180712
;103058052;20210121000000;Thiers vers St Lazare entre 12 et 21 kmh;30;brute;Mairie d'Avignon Service Mobilité;vélo;20200127000000;X2H19111551;43.94737000002229;4.8177;845912.5277065535;6318164.725833958;4.8177;43.94737000002229;2021;20210128172249
;102052947;20210109000000;Pont Daladier Vélos Vélos entrée de ville;150;brute;Mairie d'Avignon Service Mobilité;vélo;20190701000000;YTH19058714;43.95094043703588;4.8022500733126225;844663.4752643049;6318532.925286681;4.8022500733126225;43.95094043703588;2021;20210115060629.846397
;103058052;20210111000000;Thiers vers St Lazare entre 12 et 21 kmh;237;brute;Mairie d'Avignon Service Mobilité;vélo;20200127000000;X2H19111551;43.94737000002229;4.8177;845912.5277065535;6318164.725833958;4.8177;43.94737000002229;2021;20210117060646.586055
;101052947;20210116000000;Pont Daladier Vélos Vélos sortie de ville;189;brute;Mairie d'Avignon Service Mobilité;vélo;20190701000000;YTH19058714;43.95094043703588;4.8022500733126225;844663.4752643049;6318532.925286681;4.8022500733126225;43.95094043703588;2021;20210122060622.40905
;102052946;20210102000000;Pont Daladier Piétons Piétons entrée de ville;137;brute;Mairie d'Avignon Service Mobilité;piéton;20190701000000;Y2H19058715;43.95111000002228;4.80119;844577.9700478094;6318549.81990354;4.80119;43.95111000002228;2021;20210108060619.014697
;103058052;20210110000000;Thiers vers St Lazare entre 12 et 21 kmh;64;brute;Mairie d'Avignon Service Mobilité;vélo;20200127000000;X2H19111551;43.94737000002229;4.8177;845912.5277065535;6318164.725833958;4.8177;43.94737000002229;2021;20210116060648.431861
;353242244;20210120000000;Pont Daladier Vélos [Bike OUT];79;brute;Mairie d'Avignon Service Mobilité;vélo;20201129040000;YTH19058714;43.95094043703588;4.8022500733126225;844663.4752643049;6318532.925286681;4.8022500733126225;43.95094043703588;2021;20210126180725
;353242241;20210111000000;Pont Daladier Vélos [Bike IN];48;brute;Mairie d'Avignon Service Mobilité;vélo;20201129040000;YTH19058714;43.95094043703588;4.8022500733126225;844663.4752643049;6318532.925286681;4.8022500733126225;43.95094043703588;2021;20210117060632.61782
;101052946;20210106000000;Pont Daladier Piétons Piétons sortie de ville;367;brute;Mairie d'Avignon Service Mobilité;piéton;20190701000000;Y2H19058715;43.95111000002228;4.80119;844577.9700478094;6318549.81990354;4.80119;43.95111000002228;2021;20210112060617.519826
;353242244;20210103000000;Pont Daladier Vélos [Bike OUT];49;brute;Mairie d'Avignon Service Mobilité;vélo;20201129040000;YTH19058714;43.95094043703588;4.8022500733126225;844663.4752643049;6318532.925286681;4.8022500733126225;43.95094043703588;2021;20210109060633.438919
;353242241;20210109000000;Pont Daladier Vélos [Bike IN];51;brute;Mairie d'Avignon Service Mobilité;vélo;20201129040000;YTH19058714;43.95094043703588;4.8022500733126225;844663.4752643049;6318532.925286681;4.8022500733126225;43.95094043703588;2021;20210115060633.483015
;102058052;20210119000000;St Lazare vers Thiers < 12 kmh;70;brute;Mairie d'Avignon Service Mobilité;vélo;20200127000000;X2H19111551;43.94737000002229;4.8177;845912.5277065535;6318164.725833958;4.8177;43.94737000002229;2021;20210126151647.06202
;103058052;20210113000000;Thiers vers St Lazare entre 12 et 21 kmh;279;brute;Mairie d'Avignon Service Mobilité;vélo;20200127000000;X2H19111551;43.94737000002229;4.8177;845912.5277065535;6318164.725833958;4.8177;43.94737000002229;2021;20210119060645.022177
;101052947;20210117000000;Pont Daladier Vélos Vélos sortie de ville;232;brute;Mairie d'Avignon Service Mobilité;vélo;20190701000000;YTH19058714;43.95094043703588;4.8022500733126225;844663.4752643049;6318532.925286681;4.8022500733126225;43.95094043703588;2021;20210123060624.963854
;353242244;20210116000000;Pont Daladier Vélos [Bike OUT];83;brute;Mairie d'Avignon Service Mobilité;vélo;20201129040000;YTH19058714;43.95094043703588;4.8022500733126225;844663.4752643049;6318532.925286681;4.8022500733126225;43.95094043703588;2021;20210122060633.264215
;102052946;20210105000000;Pont Daladier Piétons Piétons entrée de ville;365;brute;Mairie d'Avignon Service Mobilité;piéton;20190701000000;Y2H19058715;43.95111000002228;4.80119;844577.9700478094;6318549.81990354;4.80119;43.95111000002228;2021;20210111060618.722389
;103058052;20210107000000;Thiers vers St Lazare entre 12 et 21 kmh;259;brute;Mairie d'Avignon Service Mobilité;vélo;20200127000000;X2H19111551;43.94737000002229;4.8177;845912.5277065535;6318164.725833958;4.8177;43.94737000002229;2021;20210114060648.564407
;103058052;20210106000000;Thiers vers St Lazare entre 12 et 21 kmh;256;brute;Mairie d'Avignon Service Mobilité;vélo;20200127000000;X2H19111551;43.94737000002229;4.8177;845912.5277065535;6318164.725833958;4.8177;43.94737000002229;2021;20210112060649.863251
;102052947;20210112000000;Pont Daladier Vélos Vélos entrée de ville;156;brute;Mairie d'Avignon Service Mobilité;vélo;20190701000000;YTH19058714;43.95094043703588;4.8022500733126225;844663.4752643049;6318532.925286681;4.8022500733126225;43.95094043703588;2021;20210118060630.326737
;353242244;20210105000000;Pont Daladier Vélos [Bike OUT];109;brute;Mairie d'Avignon Service Mobilité;vélo;20201129040000;YTH19058714;43.95094043703588;4.8022500733126225;844663.4752643049;6318532.925286681;4.8022500733126225;43.95094043703588;2021;20210111060633.226477
;101052946;20210113000000;Pont Daladier Piétons Piétons sortie de ville;466;brute;Mairie d'Avignon Service Mobilité;piéton;20190701000000;Y2H19058715;43.95111000002228;4.80119;844577.9700478094;6318549.81990354;4.80119;43.95111000002228;2021;20210119060615.602229
;102052946;20210108000000;Pont Daladier Piétons Piétons entrée de ville;315;brute;Mairie d'Avignon Service Mobilité;piéton;20190701000000;Y2H19058715;43.95111000002228;4.80119;844577.9700478094;6318549.81990354;4.80119;43.95111000002228;2021;20210114060622.017577
;102052947;20210102000000;Pont Daladier Vélos Vélos entrée de ville;39;brute;Mairie d'Avignon Service Mobilité;vélo;20190701000000;YTH19058714;43.95094043703588;4.8022500733126225;844663.4752643049;6318532.925286681;4.8022500733126225;43.95094043703588;2021;20210108060626.631726
;101052947;20210108000000;Pont Daladier Vélos Vélos sortie de ville;196;brute;Mairie d'Avignon Service Mobilité;vélo;20190701000000;YTH19058714;43.95094043703588;4.8022500733126225;844663.4752643049;6318532.925286681;4.8022500733126225;43.95094043703588;2021;20210114060626.515749
;101058052;20210108000000;Thiers vers St Lazare  < 12 kmh;64;brute;Mairie d'Avignon Service Mobilité;vélo;20200127000000;X2H19111551;43.94737000002229;4.8177;845912.5277065535;6318164.725833958;4.8177;43.94737000002229;2021;20210114060641.453544
;353242244;20210112000000;Pont Daladier Vélos [Bike OUT];93;brute;Mairie d'Avignon Service Mobilité;vélo;20201129040000;YTH19058714;43.95094043703588;4.8022500733126225;844663.4752643049;6318532.925286681;4.8022500733126225;43.95094043703588;2021;20210118060637.257012
;101052947;20210113000000;Pont Daladier Vélos Vélos sortie de ville;323;brute;Mairie d'Avignon Service Mobilité;vélo;20190701000000;YTH19058714;43.95094043703588;4.8022500733126225;844663.4752643049;6318532.925286681;4.8022500733126225;43.95094043703588;2021;20210119060623.071849
;102052947;20210107000000;Pont Daladier Vélos Vélos entrée de ville;167;brute;Mairie d'Avignon Service Mobilité;vélo;20190701000000;YTH19058714;43.95094043703588;4.8022500733126225;844663.4752643049;6318532.925286681;4.8022500733126225;43.95094043703588;2021;20210114060629.920662
;102052946;20210103000000;Pont Daladier Piétons Piétons entrée de ville;290;brute;Mairie d'Avignon Service Mobilité;piéton;20190701000000;Y2H19058715;43.95111000002228;4.80119;844577.9700478094;6318549.81990354;4.80119;43.95111000002228;2021;20210109060618.546058
;102052947;20210114000000;Pont Daladier Vélos Vélos entrée de ville;216;brute;Mairie d'Avignon Service Mobilité;vélo;20190701000000;YTH19058714;43.95094043703588;4.8022500733126225;844663.4752643049;6318532.925286681;4.8022500733126225;43.95094043703588;2021;20210120060656.717785
;102058052;20210111000000;St Lazare vers Thiers < 12 kmh;39;brute;Mairie d'Avignon Service Mobilité;vélo;20200127000000;X2H19111551;43.94737000002229;4.8177;845912.5277065535;6318164.725833958;4.8177;43.94737000002229;2021;20210117060643.066681
;100052946;20210115000000;Pont Daladier Piétons;661;brute;Mairie d'Avignon Service Mobilité;piéton;20190701000000;Y2H19058715;43.95111000002228;4.80119;844577.9700478094;6318549.81990354;4.80119;43.95111000002228;2021;20210121060706.283522
;353242244;20210104000000;Pont Daladier Vélos [Bike OUT];55;brute;Mairie d'Avignon Service Mobilité;vélo;20201129040000;YTH19058714;43.95094043703588;4.8022500733126225;844663.4752643049;6318532.925286681;4.8022500733126225;43.95094043703588;2021;20210110060633.49652
;353242241;20210113000000;Pont Daladier Vélos [Bike IN];91;brute;Mairie d'Avignon Service Mobilité;vélo;20201129040000;YTH19058714;43.95094043703588;4.8022500733126225;844663.4752643049;6318532.925286681;4.8022500733126225;43.95094043703588;2021;20210119060630.691304
;101058052;20210113000000;Thiers vers St Lazare  < 12 kmh;78;brute;Mairie d'Avignon Service Mobilité;vélo;20200127000000;X2H19111551;43.94737000002229;4.8177;845912.5277065535;6318164.725833958;4.8177;43.94737000002229;2021;20210119060637.690849
;353242244;20210121000000;Pont Daladier Vélos [Bike OUT];7;brute;Mairie d'Avignon Service Mobilité;vélo;20201129040000;YTH19058714;43.95094043703588;4.8022500733126225;844663.4752643049;6318532.925286681;4.8022500733126225;43.95094043703588;2021;20210128172237
;101058052;20210115000000;Thiers vers St Lazare  < 12 kmh;61;brute;Mairie d'Avignon Service Mobilité;vélo;20200127000000;X2H19111551;43.94737000002229;4.8177;845912.5277065535;6318164.725833958;4.8177;43.94737000002229;2021;20210121060637.717387
;101052946;20210109000000;Pont Daladier Piétons Piétons sortie de ville;414;brute;Mairie d'Avignon Service Mobilité;piéton;20190701000000;Y2H19058715;43.95111000002228;4.80119;844577.9700478094;6318549.81990354;4.80119;43.95111000002228;2021;20210115060616.779056
;101052946;20210102000000;Pont Daladier Piétons Piétons sortie de ville;143;brute;Mairie d'Avignon Service Mobilité;piéton;20190701000000;Y2H19058715;43.95111000002228;4.80119;844577.9700478094;6318549.81990354;4.80119;43.95111000002228;2021;20210108060615.252032
;102052946;20210119000000;Pont Daladier Piétons Piétons entrée de ville;489;brute;Mairie d'Avignon Service Mobilité;piéton;20190701000000;Y2H19058715;43.95111000002228;4.80119;844577.9700478094;6318549.81990354;4.80119;43.95111000002228;2021;20210126151617.693931
;353242244;20210102000000;Pont Daladier Vélos [Bike OUT];16;brute;Mairie d'Avignon Service Mobilité;vélo;20201129040000;YTH19058714;43.95094043703588;4.8022500733126225;844663.4752643049;6318532.925286681;4.8022500733126225;43.95094043703588;2021;20210108060633.722058
;102052947;20210120000000;Pont Daladier Vélos Vélos entrée de ville;140;brute;Mairie d'Avignon Service Mobilité;vélo;20190701000000;YTH19058714;43.95094043703588;4.8022500733126225;844663.4752643049;6318532.925286681;4.8022500733126225;43.95094043703588;2021;20210126180716
;102058052;20210107000000;St Lazare vers Thiers < 12 kmh;53;brute;Mairie d'Avignon Service Mobilité;vélo;20200127000000;X2H19111551;43.94737000002229;4.8177;845912.5277065535;6318164.725833958;4.8177;43.94737000002229;2021;20210114060644.814852
;103058052;20210105000000;Thiers vers St Lazare entre 12 et 21 kmh;265;brute;Mairie d'Avignon Service Mobilité;vélo;20200127000000;X2H19111551;43.94737000002229;4.8177;845912.5277065535;6318164.725833958;4.8177;43.94737000002229;2021;20210111060643.966031
;100052946;20210102000000;Pont Daladier Piétons;280;brute;Mairie d'Avignon Service Mobilité;piéton;20190701000000;Y2H19058715;43.95111000002228;4.80119;844577.9700478094;6318549.81990354;4.80119;43.95111000002228;2021;20210108060707.865622
;101058052;20210102000000;Thiers vers St Lazare  < 12 kmh;29;brute;Mairie d'Avignon Service Mobilité;vélo;20200127000000;X2H19111551;43.94737000002229;4.8177;845912.5277065535;6318164.725833958;4.8177;43.94737000002229;2021;20210108060637.128884
;100052946;20210114000000;Pont Daladier Piétons;872;brute;Mairie d'Avignon Service Mobilité;piéton;20190701000000;Y2H19058715;43.95111000002228;4.80119;844577.9700478094;6318549.81990354;4.80119;43.95111000002228;2021;20210120060702.901052
;103058052;20210115000000;Thiers vers St Lazare entre 12 et 21 kmh;217;brute;Mairie d'Avignon Service Mobilité;vélo;20200127000000;X2H19111551;43.94737000002229;4.8177;845912.5277065535;6318164.725833958;4.8177;43.94737000002229;2021;20210121060645.039593
;102058052;20210117000000;St Lazare vers Thiers < 12 kmh;28;brute;Mairie d'Avignon Service Mobilité;vélo;20200127000000;X2H19111551;43.94737000002229;4.8177;845912.5277065535;6318164.725833958;4.8177;43.94737000002229;2021;20210123060646.676992
;353242244;20210109000000;Pont Daladier Vélos [Bike OUT];118;brute;Mairie d'Avignon Service Mobilité;vélo;20201129040000;YTH19058714;43.95094043703588;4.8022500733126225;844663.4752643049;6318532.925286681;4.8022500733126225;43.95094043703588;2021;20210115060636.825917
;101052947;20210123000000;Pont Daladier Vélos Vélos sortie de ville;300;brute;Mairie d'Avignon Service Mobilité;vélo;20190701000000;YTH19058714;43.95094043703588;4.8022500733126225;844663.4752643049;6318532.925286681;4.8022500733126225;43.95094043703588;2021;20210130060626
;102052946;20210120000000;Pont Daladier Piétons Piétons entrée de ville;290;brute;Mairie d'Avignon Service Mobilité;piéton;20190701000000;Y2H19058715;43.95111000002228;4.80119;844577.9700478094;6318549.81990354;4.80119;43.95111000002228;2021;20210126180708
;101052946;20210112000000;Pont Daladier Piétons Piétons sortie de ville;368;brute;Mairie d'Avignon Service Mobilité;piéton;20190701000000;Y2H19058715;43.95111000002228;4.80119;844577.9700478094;6318549.81990354;4.80119;43.95111000002228;2021;20210118060617.002159
;102052946;20210110000000;Pont Daladier Piétons Piétons entrée de ville;263;brute;Mairie d'Avignon Service Mobilité;piéton;20190701000000;Y2H19058715;43.95111000002228;4.80119;844577.9700478094;6318549.81990354;4.80119;43.95111000002228;2021;20210116060621.252036
;100052946;20210107000000;Pont Daladier Piétons;812;brute;Mairie d'Avignon Service Mobilité;piéton;20190701000000;Y2H19058715;43.95111000002228;4.80119;844577.9700478094;6318549.81990354;4.80119;43.95111000002228;2021;20210113060711.092726
;353242241;20210123000000;Pont Daladier Vélos [Bike IN];79;brute;Mairie d'Avignon Service Mobilité;vélo;20201129040000;YTH19058714;43.95094043703588;4.8022500733126225;844663.4752643049;6318532.925286681;4.8022500733126225;43.95094043703588;2021;20210130060635
;100052947;20210109000000;Pont Daladier Vélos;553;brute;Mairie d'Avignon Service Mobilité;vélo;20190701000000;YTH19058714;43.95094043703588;4.8022500733126225;844663.4752643049;6318532.925286681;4.8022500733126225;43.95094043703588;2021;20210115060714.307449
;101052947;20210119000000;Pont Daladier Vélos Vélos sortie de ville;340;brute;Mairie d'Avignon Service Mobilité;vélo;20190701000000;YTH19058714;43.95094043703588;4.8022500733126225;844663.4752643049;6318532.925286681;4.8022500733126225;43.95094043703588;2021;20210126151622.667869
;100052947;20210106000000;Pont Daladier Vélos;607;brute;Mairie d'Avignon Service Mobilité;vélo;20190701000000;YTH19058714;43.95094043703588;4.8022500733126225;844663.4752643049;6318532.925286681;4.8022500733126225;43.95094043703588;2021;20210113060710.585394
;101058052;20210109000000;Thiers vers St Lazare  < 12 kmh;44;brute;Mairie d'Avignon Service Mobilité;vélo;20200127000000;X2H19111551;43.94737000002229;4.8177;845912.5277065535;6318164.725833958;4.8177;43.94737000002229;2021;20210115060640.440276
;353242241;20210107000000;Pont Daladier Vélos [Bike IN];60;brute;Mairie d'Avignon Service Mobilité;vélo;20201129040000;YTH19058714;43.95094043703588;4.8022500733126225;844663.4752643049;6318532.925286681;4.8022500733126225;43.95094043703588;2021;20210114060634.039327
;100052946;20210103000000;Pont Daladier Piétons;558;brute;Mairie d'Avignon Service Mobilité;piéton;20190701000000;Y2H19058715;43.95111000002228;4.80119;844577.9700478094;6318549.81990354;4.80119;43.95111000002228;2021;20210109060706.227018
;102058052;20210101000000;St Lazare vers Thiers < 12 kmh;19;brute;Mairie d'Avignon Service Mobilité;vélo;20200127000000;X2H19111551;43.94737000002229;4.8177;845912.5277065535;6318164.725833958;4.8177;43.94737000002229;2021;20210107060647.052644
;100052947;20210118000000;Pont Daladier Vélos;439;brute;Mairie d'Avignon Service Mobilité;vélo;20190701000000;YTH19058714;43.95094043703588;4.8022500733126225;844663.4752643049;6318532.925286681;4.8022500733126225;43.95094043703588;2021;20210124060727.59072
;103058052;20210117000000;Thiers vers St Lazare entre 12 et 21 kmh;127;brute;Mairie d'Avignon Service Mobilité;vélo;20200127000000;X2H19111551;43.94737000002229;4.8177;845912.5277065535;6318164.725833958;4.8177;43.94737000002229;2021;20210123060651.082944
;102052947;20210110000000;Pont Daladier Vélos Vélos entrée de ville;92;brute;Mairie d'Avignon Service Mobilité;vélo;20190701000000;YTH19058714;43.95094043703588;4.8022500733126225;844663.4752643049;6318532.925286681;4.8022500733126225;43.95094043703588;2021;20210116060630.222571
;353242241;20210119000000;Pont Daladier Vélos [Bike IN];82;brute;Mairie d'Avignon Service Mobilité;vélo;20201129040000;YTH19058714;43.95094043703588;4.8022500733126225;844663.4752643049;6318532.925286681;4.8022500733126225;43.95094043703588;2021;20210126151632.905309
;101052947;20210104000000;Pont Daladier Vélos Vélos sortie de ville;93;brute;Mairie d'Avignon Service Mobilité;vélo;20190701000000;YTH19058714;43.95094043703588;4.8022500733126225;844663.4752643049;6318532.925286681;4.8022500733126225;43.95094043703588;2021;20210110060622.532173
;103058052;20210120000000;Thiers vers St Lazare entre 12 et 21 kmh;194;brute;Mairie d'Avignon Service Mobilité;vélo;20200127000000;X2H19111551;43.94737000002229;4.8177;845912.5277065535;6318164.725833958;4.8177;43.94737000002229;2021;20210126180738
;100052947;20210102000000;Pont Daladier Vélos;105;brute;Mairie d'Avignon Service Mobilité;vélo;20190701000000;YTH19058714;43.95094043703588;4.8022500733126225;844663.4752643049;6318532.925286681;4.8022500733126225;43.95094043703588;2021;20210108060707.411392
;353242244;20210119000000;Pont Daladier Vélos [Bike OUT];184;brute;Mairie d'Avignon Service Mobilité;vélo;20201129040000;YTH19058714;43.95094043703588;4.8022500733126225;844663.4752643049;6318532.925286681;4.8022500733126225;43.95094043703588;2021;20210126151637.325055
;101052946;20210117000000;Pont Daladier Piétons Piétons sortie de ville;508;brute;Mairie d'Avignon Service Mobilité;piéton;20190701000000;Y2H19058715;43.95111000002228;4.80119;844577.9700478094;6318549.81990354;4.80119;43.95111000002228;2021;20210123060615.856338
;101052946;20210119000000;Pont Daladier Piétons Piétons sortie de ville;544;brute;Mairie d'Avignon Service Mobilité;piéton;20190701000000;Y2H19058715;43.95111000002228;4.80119;844577.9700478094;6318549.81990354;4.80119;43.95111000002228;2021;20210126151611.672229
;102058052;20210103000000;St Lazare vers Thiers < 12 kmh;10;brute;Mairie d'Avignon Service Mobilité;vélo;20200127000000;X2H19111551;43.94737000002229;4.8177;845912.5277065535;6318164.725833958;4.8177;43.94737000002229;2021;20210109060640.625756
;102052946;20210116000000;Pont Daladier Piétons Piétons entrée de ville;403;brute;Mairie d'Avignon Service Mobilité;piéton;20190701000000;Y2H19058715;43.95111000002228;4.80119;844577.9700478094;6318549.81990354;4.80119;43.95111000002228;2021;20210122060618.688672
;353242244;20210108000000;Pont Daladier Vélos [Bike OUT];97;brute;Mairie d'Avignon Service Mobilité;vélo;20201129040000;YTH19058714;43.95094043703588;4.8022500733126225;844663.4752643049;6318532.925286681;4.8022500733126225;43.95094043703588;2021;20210114060637.78374
;102052947;20210119000000;Pont Daladier Vélos Vélos entrée de ville;231;brute;Mairie d'Avignon Service Mobilité;vélo;20190701000000;YTH19058714;43.95094043703588;4.8022500733126225;844663.4752643049;6318532.925286681;4.8022500733126225;43.95094043703588;2021;20210126151627.938073
;101058052;20210106000000;Thiers vers St Lazare  < 12 kmh;48;brute;Mairie d'Avignon Service Mobilité;vélo;20200127000000;X2H19111551;43.94737000002229;4.8177;845912.5277065535;6318164.725833958;4.8177;43.94737000002229;2021;20210112060642.100061
;101058052;20210116000000;Thiers vers St Lazare  < 12 kmh;46;brute;Mairie d'Avignon Service Mobilité;vélo;20200127000000;X2H19111551;43.94737000002229;4.8177;845912.5277065535;6318164.725833958;4.8177;43.94737000002229;2021;20210122060636.671331
;100052947;20210105000000;Pont Daladier Vélos;605;brute;Mairie d'Avignon Service Mobilité;vélo;20190701000000;YTH19058714;43.95094043703588;4.8022500733126225;844663.4752643049;6318532.925286681;4.8022500733126225;43.95094043703588;2021;20210111060706.898683
;353242241;20210116000000;Pont Daladier Vélos [Bike IN];58;brute;Mairie d'Avignon Service Mobilité;vélo;20201129040000;YTH19058714;43.95094043703588;4.8022500733126225;844663.4752643049;6318532.925286681;4.8022500733126225;43.95094043703588;2021;20210122060629.950704
;102052947;20210115000000;Pont Daladier Vélos Vélos entrée de ville;186;brute;Mairie d'Avignon Service Mobilité;vélo;20190701000000;YTH19058714;43.95094043703588;4.8022500733126225;844663.4752643049;6318532.925286681;4.8022500733126225;43.95094043703588;2021;20210121060627.314943
;101058052;20210119000000;Thiers vers St Lazare  < 12 kmh;42;brute;Mairie d'Avignon Service Mobilité;vélo;20200127000000;X2H19111551;43.94737000002229;4.8177;845912.5277065535;6318164.725833958;4.8177;43.94737000002229;2021;20210126151641.679656
;101052947;20210121000000;Pont Daladier Vélos Vélos sortie de ville;31;brute;Mairie d'Avignon Service Mobilité;vélo;20190701000000;YTH19058714;43.95094043703588;4.8022500733126225;844663.4752643049;6318532.925286681;4.8022500733126225;43.95094043703588;2021;20210128172225
;103058052;20210102000000;Thiers vers St Lazare entre 12 et 21 kmh;57;brute;Mairie d'Avignon Service Mobilité;vélo;20200127000000;X2H19111551;43.94737000002229;4.8177;845912.5277065535;6318164.725833958;4.8177;43.94737000002229;2021;20210108060644.600859
;100052947;20210103000000;Pont Daladier Vélos;229;brute;Mairie d'Avignon Service Mobilité;vélo;20190701000000;YTH19058714;43.95094043703588;4.8022500733126225;844663.4752643049;6318532.925286681;4.8022500733126225;43.95094043703588;2021;20210109060707.866528
;101052946;20210107000000;Pont Daladier Piétons Piétons sortie de ville;438;brute;Mairie d'Avignon Service Mobilité;piéton;20190701000000;Y2H19058715;43.95111000002228;4.80119;844577.9700478094;6318549.81990354;4.80119;43.95111000002228;2021;20210114060613.50993
;353242244;20210113000000;Pont Daladier Vélos [Bike OUT];162;brute;Mairie d'Avignon Service Mobilité;vélo;20201129040000;YTH19058714;43.95094043703588;4.8022500733126225;844663.4752643049;6318532.925286681;4.8022500733126225;43.95094043703588;2021;20210119060634.236694
;353242244;20210117000000;Pont Daladier Vélos [Bike OUT];143;brute;Mairie d'Avignon Service Mobilité;vélo;20201129040000;YTH19058714;43.95094043703588;4.8022500733126225;844663.4752643049;6318532.925286681;4.8022500733126225;43.95094043703588;2021;20210123060637.978903
;353242244;20210107000000;Pont Daladier Vélos [Bike OUT];105;brute;Mairie d'Avignon Service Mobilité;vélo;20201129040000;YTH19058714;43.95094043703588;4.8022500733126225;844663.4752643049;6318532.925286681;4.8022500733126225;43.95094043703588;2021;20210114060637.423078
;101052947;20210107000000;Pont Daladier Vélos Vélos sortie de ville;217;brute;Mairie d'Avignon Service Mobilité;vélo;20190701000000;YTH19058714;43.95094043703588;4.8022500733126225;844663.4752643049;6318532.925286681;4.8022500733126225;43.95094043703588;2021;20210114060625.53499
;102052947;20210103000000;Pont Daladier Vélos Vélos entrée de ville;73;brute;Mairie d'Avignon Service Mobilité;vélo;20190701000000;YTH19058714;43.95094043703588;4.8022500733126225;844663.4752643049;6318532.925286681;4.8022500733126225;43.95094043703588;2021;20210109060626.253109
;101058052;20210117000000;Thiers vers St Lazare  < 12 kmh;51;brute;Mairie d'Avignon Service Mobilité;vélo;20200127000000;X2H19111551;43.94737000002229;4.8177;845912.5277065535;6318164.725833958;4.8177;43.94737000002229;2021;20210123060642.154275
;353242241;20210118000000;Pont Daladier Vélos [Bike IN];45;brute;Mairie d'Avignon Service Mobilité;vélo;20201129040000;YTH19058714;43.95094043703588;4.8022500733126225;844663.4752643049;6318532.925286681;4.8022500733126225;43.95094043703588;2021;20210124060642.67547
;100052947;20210119000000;Pont Daladier Vélos;837;brute;Mairie d'Avignon Service Mobilité;vélo;20190701000000;YTH19058714;43.95094043703588;4.8022500733126225;844663.4752643049;6318532.925286681;4.8022500733126225;43.95094043703588;2021;20210126060716.886803
;102052946;20210111000000;Pont Daladier Piétons Piétons entrée de ville;274;brute;Mairie d'Avignon Service Mobilité;piéton;20190701000000;Y2H19058715;43.95111000002228;4.80119;844577.9700478094;6318549.81990354;4.80119;43.95111000002228;2021;20210117060620.708303
;101052947;20210112000000;Pont Daladier Vélos Vélos sortie de ville;186;brute;Mairie d'Avignon Service Mobilité;vélo;20190701000000;YTH19058714;43.95094043703588;4.8022500733126225;844663.4752643049;6318532.925286681;4.8022500733126225;43.95094043703588;2021;20210118060626.215746
;100052947;20210120000000;Pont Daladier Vélos;450;brute;Mairie d'Avignon Service Mobilité;vélo;20190701000000;YTH19058714;43.95094043703588;4.8022500733126225;844663.4752643049;6318532.925286681;4.8022500733126225;43.95094043703588;2021;20210126180804
;101052946;20210105000000;Pont Daladier Piétons Piétons sortie de ville;385;brute;Mairie d'Avignon Service Mobilité;piéton;20190701000000;Y2H19058715;43.95111000002228;4.80119;844577.9700478094;6318549.81990354;4.80119;43.95111000002228;2021;20210111060614.999343
;100052947;20210104000000;Pont Daladier Vélos;253;brute;Mairie d'Avignon Service Mobilité;vélo;20190701000000;YTH19058714;43.95094043703588;4.8022500733126225;844663.4752643049;6318532.925286681;4.8022500733126225;43.95094043703588;2021;20210110060705.13221
;102052947;20210104000000;Pont Daladier Vélos Vélos entrée de ville;70;brute;Mairie d'Avignon Service Mobilité;vélo;20190701000000;YTH19058714;43.95094043703588;4.8022500733126225;844663.4752643049;6318532.925286681;4.8022500733126225;43.95094043703588;2021;20210110060626.320217
;102058052;20210120000000;St Lazare vers Thiers < 12 kmh;52;brute;Mairie d'Avignon Service Mobilité;vélo;20200127000000;X2H19111551;43.94737000002229;4.8177;845912.5277065535;6318164.725833958;4.8177;43.94737000002229;2021;20210126180733
;102052947;20210121000000;Pont Daladier Vélos Vélos entrée de ville;9;brute;Mairie d'Avignon Service Mobilité;vélo;20190701000000;YTH19058714;43.95094043703588;4.8022500733126225;844663.4752643049;6318532.925286681;4.8022500733126225;43.95094043703588;2021;20210128172229
;102052947;20210116000000;Pont Daladier Vélos Vélos entrée de ville;127;brute;Mairie d'Avignon Service Mobilité;vélo;20190701000000;YTH19058714;43.95094043703588;4.8022500733126225;844663.4752643049;6318532.925286681;4.8022500733126225;43.95094043703588;2021;20210122060626.149496
;353242241;20210105000000;Pont Daladier Vélos [Bike IN];67;brute;Mairie d'Avignon Service Mobilité;vélo;20201129040000;YTH19058714;43.95094043703588;4.8022500733126225;844663.4752643049;6318532.925286681;4.8022500733126225;43.95094043703588;2021;20210111060629.88878
;102058052;20210116000000;St Lazare vers Thiers < 12 kmh;21;brute;Mairie d'Avignon Service Mobilité;vélo;20200127000000;X2H19111551;43.94737000002229;4.8177;845912.5277065535;6318164.725833958;4.8177;43.94737000002229;2021;20210122060640.460779
;100052947;20210101000000;Pont Daladier Vélos;457;brute;Mairie d'Avignon Service Mobilité;vélo;20190701000000;YTH19058714;43.95094043703588;4.8022500733126225;844663.4752643049;6318532.925286681;4.8022500733126225;43.95094043703588;2021;20210107060713.916423
;100052946;20210105000000;Pont Daladier Piétons;750;brute;Mairie d'Avignon Service Mobilité;piéton;20190701000000;Y2H19058715;43.95111000002228;4.80119;844577.9700478094;6318549.81990354;4.80119;43.95111000002228;2021;20210111060706.944118
;103058052;20210119000000;Thiers vers St Lazare entre 12 et 21 kmh;266;brute;Mairie d'Avignon Service Mobilité;vélo;20200127000000;X2H19111551;43.94737000002229;4.8177;845912.5277065535;6318164.725833958;4.8177;43.94737000002229;2021;20210126151651.68865
;353242241;20210104000000;Pont Daladier Vélos [Bike IN];35;brute;Mairie d'Avignon Service Mobilité;vélo;20201129040000;YTH19058714;43.95094043703588;4.8022500733126225;844663.4752643049;6318532.925286681;4.8022500733126225;43.95094043703588;2021;20210110060630.044438
;101052947;20210114000000;Pont Daladier Vélos Vélos sortie de ville;275;brute;Mairie d'Avignon Service Mobilité;vélo;20190701000000;YTH19058714;43.95094043703588;4.8022500733126225;844663.4752643049;6318532.925286681;4.8022500733126225;43.95094043703588;2021;20210120060652.973933
;102058052;20210106000000;St Lazare vers Thiers < 12 kmh;45;brute;Mairie d'Avignon Service Mobilité;vélo;20200127000000;X2H19111551;43.94737000002229;4.8177;845912.5277065535;6318164.725833958;4.8177;43.94737000002229;2021;20210112060646.052495
;353242244;20210111000000;Pont Daladier Vélos [Bike OUT];92;brute;Mairie d'Avignon Service Mobilité;vélo;20201129040000;YTH19058714;43.95094043703588;4.8022500733126225;844663.4752643049;6318532.925286681;4.8022500733126225;43.95094043703588;2021;20210117060635.837207
;102058052;20210123000000;St Lazare vers Thiers < 12 kmh;58;brute;Mairie d'Avignon Service Mobilité;vélo;20200127000000;X2H19111551;43.94737000002229;4.8177;845912.5277065535;6318164.725833958;4.8177;43.94737000002229;2021;20210130060648
;101052947;20210111000000;Pont Daladier Vélos Vélos sortie de ville;143;brute;Mairie d'Avignon Service Mobilité;vélo;20190701000000;YTH19058714;43.95094043703588;4.8022500733126225;844663.4752643049;6318532.925286681;4.8022500733126225;43.95094043703588;2021;20210117060625.08439
;102052946;20210101000000;Pont Daladier Piétons Piétons entrée de ville;400;brute;Mairie d'Avignon Service Mobilité;piéton;20190701000000;Y2H19058715;43.95111000002228;4.80119;844577.9700478094;6318549.81990354;4.80119;43.95111000002228;2021;20210107060623.359761
;100052946;20210116000000;Pont Daladier Piétons;780;brute;Mairie d'Avignon Service Mobilité;piéton;20190701000000;Y2H19058715;43.95111000002228;4.80119;844577.9700478094;6318549.81990354;4.80119;43.95111000002228;2021;20210122060707.702999
;100052947;20210117000000;Pont Daladier Vélos;652;brute;Mairie d'Avignon Service Mobilité;vélo;20190701000000;YTH19058714;43.95094043703588;4.8022500733126225;844663.4752643049;6318532.925286681;4.8022500733126225;43.95094043703588;2021;20210123060717.438172
;100052946;20210112000000;Pont Daladier Piétons;665;brute;Mairie d'Avignon Service Mobilité;piéton;20190701000000;Y2H19058715;43.95111000002228;4.80119;844577.9700478094;6318549.81990354;4.80119;43.95111000002228;2021;20210118060709.246958
;100052946;20210121000000;Pont Daladier Piétons;42;brute;Mairie d'Avignon Service Mobilité;piéton;20190701000000;Y2H19058715;43.95111000002228;4.80119;844577.9700478094;6318549.81990354;4.80119;43.95111000002228;2021;20210128172313
;353242241;20210117000000;Pont Daladier Vélos [Bike IN];89;brute;Mairie d'Avignon Service Mobilité;vélo;20201129040000;YTH19058714;43.95094043703588;4.8022500733126225;844663.4752643049;6318532.925286681;4.8022500733126225;43.95094043703588;2021;20210123060633.968443
;353242241;20210120000000;Pont Daladier Vélos [Bike IN];54;brute;Mairie d'Avignon Service Mobilité;vélo;20201129040000;YTH19058714;43.95094043703588;4.8022500733126225;844663.4752643049;6318532.925286681;4.8022500733126225;43.95094043703588;2021;20210126180721
;101058052;20210105000000;Thiers vers St Lazare  < 12 kmh;59;brute;Mairie d'Avignon Service Mobilité;vélo;20200127000000;X2H19111551;43.94737000002229;4.8177;845912.5277065535;6318164.725833958;4.8177;43.94737000002229;2021;20210111060636.662499
;102052947;20210113000000;Pont Daladier Vélos Vélos entrée de ville;242;brute;Mairie d'Avignon Service Mobilité;vélo;20190701000000;YTH19058714;43.95094043703588;4.8022500733126225;844663.4752643049;6318532.925286681;4.8022500733126225;43.95094043703588;2021;20210119060626.861864
;353242241;20210112000000;Pont Daladier Vélos [Bike IN];62;brute;Mairie d'Avignon Service Mobilité;vélo;20201129040000;YTH19058714;43.95094043703588;4.8022500733126225;844663.4752643049;6318532.925286681;4.8022500733126225;43.95094043703588;2021;20210118060633.960797
;101052947;20210118000000;Pont Daladier Vélos Vélos sortie de ville;177;brute;Mairie d'Avignon Service Mobilité;vélo;20190701000000;YTH19058714;43.95094043703588;4.8022500733126225;844663.4752643049;6318532.925286681;4.8022500733126225;43.95094043703588;2021;20210124060633.70077
;101052946;20210101000000;Pont Daladier Piétons Piétons sortie de ville;369;brute;Mairie d'Avignon Service Mobilité;piéton;20190701000000;Y2H19058715;43.95111000002228;4.80119;844577.9700478094;6318549.81990354;4.80119;43.95111000002228;2021;20210107060618.154158
;102052946;20210112000000;Pont Daladier Piétons Piétons entrée de ville;297;brute;Mairie d'Avignon Service Mobilité;piéton;20190701000000;Y2H19058715;43.95111000002228;4.80119;844577.9700478094;6318549.81990354;4.80119;43.95111000002228;2021;20210118060621.904767
;101058052;20210120000000;Thiers vers St Lazare  < 12 kmh;37;brute;Mairie d'Avignon Service Mobilité;vélo;20200127000000;X2H19111551;43.94737000002229;4.8177;845912.5277065535;6318164.725833958;4.8177;43.94737000002229;2021;20210126180729
;101058052;20210121000000;Thiers vers St Lazare  < 12 kmh;2;brute;Mairie d'Avignon Service Mobilité;vélo;20200127000000;X2H19111551;43.94737000002229;4.8177;845912.5277065535;6318164.725833958;4.8177;43.94737000002229;2021;20210128172241
;102052946;20210121000000;Pont Daladier Piétons Piétons entrée de ville;16;brute;Mairie d'Avignon Service Mobilité;piéton;20190701000000;Y2H19058715;43.95111000002228;4.80119;844577.9700478094;6318549.81990354;4.80119;43.95111000002228;2021;20210128172221
;353242241;20210121000000;Pont Daladier Vélos [Bike IN];11;brute;Mairie d'Avignon Service Mobilité;vélo;20201129040000;YTH19058714;43.95094043703588;4.8022500733126225;844663.4752643049;6318532.925286681;4.8022500733126225;43.95094043703588;2021;20210128172233
;102052946;20210109000000;Pont Daladier Piétons Piétons entrée de ville;406;brute;Mairie d'Avignon Service Mobilité;piéton;20190701000000;Y2H19058715;43.95111000002228;4.80119;844577.9700478094;6318549.81990354;4.80119;43.95111000002228;2021;20210115060621.477495
;102058052;20210102000000;St Lazare vers Thiers < 12 kmh;23;brute;Mairie d'Avignon Service Mobilité;vélo;20200127000000;X2H19111551;43.94737000002229;4.8177;845912.5277065535;6318164.725833958;4.8177;43.94737000002229;2021;20210108060640.968167
;101058052;20210104000000;Thiers vers St Lazare  < 12 kmh;36;brute;Mairie d'Avignon Service Mobilité;vélo;20200127000000;X2H19111551;43.94737000002229;4.8177;845912.5277065535;6318164.725833958;4.8177;43.94737000002229;2021;20210110060636.811239
;100052947;20210116000000;Pont Daladier Vélos;457;brute;Mairie d'Avignon Service Mobilité;vélo;20190701000000;YTH19058714;43.95094043703588;4.8022500733126225;844663.4752643049;6318532.925286681;4.8022500733126225;43.95094043703588;2021;20210122060706.635022
;103058052;20210114000000;Thiers vers St Lazare entre 12 et 21 kmh;270;brute;Mairie d'Avignon Service Mobilité;vélo;20200127000000;X2H19111551;43.94737000002229;4.8177;845912.5277065535;6318164.725833958;4.8177;43.94737000002229;2021;20210119060645.512957
;101052946;20210120000000;Pont Daladier Piétons Piétons sortie de ville;296;brute;Mairie d'Avignon Service Mobilité;piéton;20190701000000;Y2H19058715;43.95111000002228;4.80119;844577.9700478094;6318549.81990354;4.80119;43.95111000002228;2021;20210126180703
;101052947;20210103000000;Pont Daladier Vélos Vélos sortie de ville;88;brute;Mairie d'Avignon Service Mobilité;vélo;20190701000000;YTH19058714;43.95094043703588;4.8022500733126225;844663.4752643049;6318532.925286681;4.8022500733126225;43.95094043703588;2021;20210109060622.448487
;102052946;20210113000000;Pont Daladier Piétons Piétons entrée de ville;440;brute;Mairie d'Avignon Service Mobilité;piéton;20190701000000;Y2H19058715;43.95111000002228;4.80119;844577.9700478094;6318549.81990354;4.80119;43.95111000002228;2021;20210119060619.380601
;103058052;20210112000000;Thiers vers St Lazare entre 12 et 21 kmh;245;brute;Mairie d'Avignon Service Mobilité;vélo;20200127000000;X2H19111551;43.94737000002229;4.8177;845912.5277065535;6318164.725833958;4.8177;43.94737000002229;2021;20210118060648.124067
;101058052;20210107000000;Thiers vers St Lazare  < 12 kmh;54;brute;Mairie d'Avignon Service Mobilité;vélo;20200127000000;X2H19111551;43.94737000002229;4.8177;845912.5277065535;6318164.725833958;4.8177;43.94737000002229;2021;20210114060640.915344
;102058052;20210109000000;St Lazare vers Thiers < 12 kmh;36;brute;Mairie d'Avignon Service Mobilité;vélo;20200127000000;X2H19111551;43.94737000002229;4.8177;845912.5277065535;6318164.725833958;4.8177;43.94737000002229;2021;20210115060644.364478
;100052947;20210114000000;Pont Daladier Vélos;705;brute;Mairie d'Avignon Service Mobilité;vélo;20190701000000;YTH19058714;43.95094043703588;4.8022500733126225;844663.4752643049;6318532.925286681;4.8022500733126225;43.95094043703588;2021;20210120060701.792306
;102052946;20210117000000;Pont Daladier Piétons Piétons entrée de ville;491;brute;Mairie d'Avignon Service Mobilité;piéton;20190701000000;Y2H19058715;43.95111000002228;4.80119;844577.9700478094;6318549.81990354;4.80119;43.95111000002228;2021;20210123060620.446473
;101052947;20210102000000;Pont Daladier Vélos Vélos sortie de ville;36;brute;Mairie d'Avignon Service Mobilité;vélo;20190701000000;YTH19058714;43.95094043703588;4.8022500733126225;844663.4752643049;6318532.925286681;4.8022500733126225;43.95094043703588;2021;20210108060622.946277
;102052947;20210123000000;Pont Daladier Vélos Vélos entrée de ville;211;brute;Mairie d'Avignon Service Mobilité;vélo;20190701000000;YTH19058714;43.95094043703588;4.8022500733126225;844663.4752643049;6318532.925286681;4.8022500733126225;43.95094043703588;2021;20210130060631
;353242244;20210101000000;Pont Daladier Vélos [Bike OUT];113;brute;Mairie d'Avignon Service Mobilité;vélo;20201129040000;YTH19058714;43.95094043703588;4.8022500733126225;844663.4752643049;6318532.925286681;4.8022500733126225;43.95094043703588;2021;20210107060639.415996
;101052947;20210109000000;Pont Daladier Vélos Vélos sortie de ville;234;brute;Mairie d'Avignon Service Mobilité;vélo;20190701000000;YTH19058714;43.95094043703588;4.8022500733126225;844663.4752643049;6318532.925286681;4.8022500733126225;43.95094043703588;2021;20210115060625.784172
;102052946;20210107000000;Pont Daladier Piétons Piétons entrée de ville;374;brute;Mairie d'Avignon Service Mobilité;piéton;20190701000000;Y2H19058715;43.95111000002228;4.80119;844577.9700478094;6318549.81990354;4.80119;43.95111000002228;2021;20210114060620.605956
;101052946;20210108000000;Pont Daladier Piétons Piétons sortie de ville;353;brute;Mairie d'Avignon Service Mobilité;piéton;20190701000000;Y2H19058715;43.95111000002228;4.80119;844577.9700478094;6318549.81990354;4.80119;43.95111000002228;2021;20210114060617.186484
;103058052;20210104000000;Thiers vers St Lazare entre 12 et 21 kmh;224;brute;Mairie d'Avignon Service Mobilité;vélo;20200127000000;X2H19111551;43.94737000002229;4.8177;845912.5277065535;6318164.725833958;4.8177;43.94737000002229;2021;20210110060644.096331
;102058052;20210113000000;St Lazare vers Thiers < 12 kmh;69;brute;Mairie d'Avignon Service Mobilité;vélo;20200127000000;X2H19111551;43.94737000002229;4.8177;845912.5277065535;6318164.725833958;4.8177;43.94737000002229;2021;20210119060641.430967
;101052946;20210111000000;Pont Daladier Piétons Piétons sortie de ville;330;brute;Mairie d'Avignon Service Mobilité;piéton;20190701000000;Y2H19058715;43.95111000002228;4.80119;844577.9700478094;6318549.81990354;4.80119;43.95111000002228;2021;20210117060616.189871
;102052947;20210105000000;Pont Daladier Vélos Vélos entrée de ville;189;brute;Mairie d'Avignon Service Mobilité;vélo;20190701000000;YTH19058714;43.95094043703588;4.8022500733126225;844663.4752643049;6318532.925286681;4.8022500733126225;43.95094043703588;2021;20210111060626.243791
;102058052;20210110000000;St Lazare vers Thiers < 12 kmh;13;brute;Mairie d'Avignon Service Mobilité;vélo;20200127000000;X2H19111551;43.94737000002229;4.8177;845912.5277065535;6318164.725833958;4.8177;43.94737000002229;2021;20210116060644.814644
;100052947;20210111000000;Pont Daladier Vélos;402;brute;Mairie d'Avignon Service Mobilité;vélo;20190701000000;YTH19058714;43.95094043703588;4.8022500733126225;844663.4752643049;6318532.925286681;4.8022500733126225;43.95094043703588;2021;20210117060708.680579
;101052946;20210118000000;Pont Daladier Piétons Piétons sortie de ville;343;brute;Mairie d'Avignon Service Mobilité;piéton;20190701000000;Y2H19058715;43.95111000002228;4.80119;844577.9700478094;6318549.81990354;4.80119;43.95111000002228;2021;20210124060624.951642
;101052947;20210110000000;Pont Daladier Vélos Vélos sortie de ville;104;brute;Mairie d'Avignon Service Mobilité;vélo;20190701000000;YTH19058714;43.95094043703588;4.8022500733126225;844663.4752643049;6318532.925286681;4.8022500733126225;43.95094043703588;2021;20210116060625.887832
;101052946;20210103000000;Pont Daladier Piétons Piétons sortie de ville;268;brute;Mairie d'Avignon Service Mobilité;piéton;20190701000000;Y2H19058715;43.95111000002228;4.80119;844577.9700478094;6318549.81990354;4.80119;43.95111000002228;2021;20210109060614.804419
;102052947;20210106000000;Pont Daladier Vélos Vélos entrée de ville;181;brute;Mairie d'Avignon Service Mobilité;vélo;20190701000000;YTH19058714;43.95094043703588;4.8022500733126225;844663.4752643049;6318532.925286681;4.8022500733126225;43.95094043703588;2021;20210112060631.233879
;353242241;20210108000000;Pont Daladier Vélos [Bike IN];60;brute;Mairie d'Avignon Service Mobilité;vélo;20201129040000;YTH19058714;43.95094043703588;4.8022500733126225;844663.4752643049;6318532.925286681;4.8022500733126225;43.95094043703588;2021;20210114060634.376958
;353242244;20210114000000;Pont Daladier Vélos [Bike OUT];134;brute;Mairie d'Avignon Service Mobilité;vélo;20201129040000;YTH19058714;43.95094043703588;4.8022500733126225;844663.4752643049;6318532.925286681;4.8022500733126225;43.95094043703588;2021;20210119060634.689068
;101058052;20210101000000;Thiers vers St Lazare  < 12 kmh;32;brute;Mairie d'Avignon Service Mobilité;vélo;20200127000000;X2H19111551;43.94737000002229;4.8177;845912.5277065535;6318164.725833958;4.8177;43.94737000002229;2021;20210107060643.17774
;102052946;20210104000000;Pont Daladier Piétons Piétons entrée de ville;203;brute;Mairie d'Avignon Service Mobilité;piéton;20190701000000;Y2H19058715;43.95111000002228;4.80119;844577.9700478094;6318549.81990354;4.80119;43.95111000002228;2021;20210111060618.365642
;102052946;20210118000000;Pont Daladier Piétons Piétons entrée de ville;314;brute;Mairie d'Avignon Service Mobilité;piéton;20190701000000;Y2H19058715;43.95111000002228;4.80119;844577.9700478094;6318549.81990354;4.80119;43.95111000002228;2021;20210124060629.328196
;102052947;20210108000000;Pont Daladier Vélos Vélos entrée de ville;144;brute;Mairie d'Avignon Service Mobilité;vélo;20190701000000;YTH19058714;43.95094043703588;4.8022500733126225;844663.4752643049;6318532.925286681;4.8022500733126225;43.95094043703588;2021;20210114060630.694861
;101052946;20210115000000;Pont Daladier Piétons Piétons sortie de ville;350;brute;Mairie d'Avignon Service Mobilité;piéton;20190701000000;Y2H19058715;43.95111000002228;4.80119;844577.9700478094;6318549.81990354;4.80119;43.95111000002228;2021;20210121060616.115645
;103058052;20210109000000;Thiers vers St Lazare entre 12 et 21 kmh;127;brute;Mairie d'Avignon Service Mobilité;vélo;20200127000000;X2H19111551;43.94737000002229;4.8177;845912.5277065535;6318164.725833958;4.8177;43.94737000002229;2021;20210115060648.13309
;100052946;20210118000000;Pont Daladier Piétons;657;brute;Mairie d'Avignon Service Mobilité;piéton;20190701000000;Y2H19058715;43.95111000002228;4.80119;844577.9700478094;6318549.81990354;4.80119;43.95111000002228;2021;20210124060727.177303
;100052946;20210123000000;Pont Daladier Piétons;894;brute;Mairie d'Avignon Service Mobilité;piéton;20190701000000;Y2H19058715;43.95111000002228;4.80119;844577.9700478094;6318549.81990354;4.80119;43.95111000002228;2021;20210130060718
;102058052;20210121000000;St Lazare vers Thiers < 12 kmh;4;brute;Mairie d'Avignon Service Mobilité;vélo;20200127000000;X2H19111551;43.94737000002229;4.8177;845912.5277065535;6318164.725833958;4.8177;43.94737000002229;2021;20210128172245
;103058052;20210116000000;Thiers vers St Lazare entre 12 et 21 kmh;113;brute;Mairie d'Avignon Service Mobilité;vélo;20200127000000;X2H19111551;43.94737000002229;4.8177;845912.5277065535;6318164.725833958;4.8177;43.94737000002229;2021;20210122060644.07503
;101052947;20210101000000;Pont Daladier Vélos Vélos sortie de ville;179;brute;Mairie d'Avignon Service Mobilité;vélo;20190701000000;YTH19058714;43.95094043703588;4.8022500733126225;844663.4752643049;6318532.925286681;4.8022500733126225;43.95094043703588;2021;20210107060627.811651
;101058052;20210123000000;Thiers vers St Lazare  < 12 kmh;37;brute;Mairie d'Avignon Service Mobilité;vélo;20200127000000;X2H19111551;43.94737000002229;4.8177;845912.5277065535;6318164.725833958;4.8177;43.94737000002229;2021;20210130060644
;101052946;20210124000000;Pont Daladier Piétons Piétons sortie de ville;650;brute;Mairie d'Avignon Service Mobilité;piéton;20190701000000;Y2H19058715;43.95111000002228;4.80119;844577.9700478094;6318549.81990354;4.80119;43.95111000002228;2021;20210131060617
;353242241;20210125000000;Pont Daladier Vélos [Bike IN];68;brute;Mairie d'Avignon Service Mobilité;vélo;20201129040000;YTH19058714;43.95094043703588;4.8022500733126225;844663.4752643049;6318532.925286681;4.8022500733126225;43.95094043703588;2021;20210131060638
;100052947;20210126000000;Pont Daladier Vélos;559;brute;Mairie d'Avignon Service Mobilité;vélo;20190701000000;YTH19058714;43.95094043703588;4.8022500733126225;844663.4752643049;6318532.925286681;4.8022500733126225;43.95094043703588;2021;20210131060700
;101058052;20210129000000;Thiers vers St Lazare  < 12 kmh;60;brute;Mairie d'Avignon Service Mobilité;vélo;20200127000000;X2H19111551;43.94737000002229;4.8177;845912.5277065535;6318164.725833958;4.8177;43.94737000002229;2021;20210131060649
;102052946;20210128000000;Pont Daladier Piétons Piétons entrée de ville;466;brute;Mairie d'Avignon Service Mobilité;piéton;20190701000000;Y2H19058715;43.95111000002228;4.80119;844577.9700478094;6318549.81990354;4.80119;43.95111000002228;2021;20210131060625
;100052947;20210129000000;Pont Daladier Vélos;849;brute;Mairie d'Avignon Service Mobilité;vélo;20190701000000;YTH19058714;43.95094043703588;4.8022500733126225;844663.4752643049;6318532.925286681;4.8022500733126225;43.95094043703588;2021;20210131060700
;100052947;20210127000000;Pont Daladier Vélos;775;brute;Mairie d'Avignon Service Mobilité;vélo;20190701000000;YTH19058714;43.95094043703588;4.8022500733126225;844663.4752643049;6318532.925286681;4.8022500733126225;43.95094043703588;2021;20210131060700
;101058052;20210127000000;Thiers vers St Lazare  < 12 kmh;55;brute;Mairie d'Avignon Service Mobilité;vélo;20200127000000;X2H19111551;43.94737000002229;4.8177;845912.5277065535;6318164.725833958;4.8177;43.94737000002229;2021;20210131060648
;102052947;20210122000000;Pont Daladier Vélos Vélos entrée de ville;15;brute;Mairie d'Avignon Service Mobilité;vélo;20190701000000;YTH19058714;43.95094043703588;4.8022500733126225;844663.4752643049;6318532.925286681;4.8022500733126225;43.95094043703588;2021;20210129161620
;353242244;20210122000000;Pont Daladier Vélos [Bike OUT];5;brute;Mairie d'Avignon Service Mobilité;vélo;20201129040000;YTH19058714;43.95094043703588;4.8022500733126225;844663.4752643049;6318532.925286681;4.8022500733126225;43.95094043703588;2021;20210129161628
;100052946;20210122000000;Pont Daladier Piétons;95;brute;Mairie d'Avignon Service Mobilité;piéton;20190701000000;Y2H19058715;43.95111000002228;4.80119;844577.9700478094;6318549.81990354;4.80119;43.95111000002228;2021;20210129161704
;100052947;20210122000000;Pont Daladier Vélos;83;brute;Mairie d'Avignon Service Mobilité;vélo;20190701000000;YTH19058714;43.95094043703588;4.8022500733126225;844663.4752643049;6318532.925286681;4.8022500733126225;43.95094043703588;2021;20210129161704
;102058052;20210122000000;St Lazare vers Thiers < 12 kmh;3;brute;Mairie d'Avignon Service Mobilité;vélo;20200127000000;X2H19111551;43.94737000002229;4.8177;845912.5277065535;6318164.725833958;4.8177;43.94737000002229;2021;20210129161636
;353242241;20210122000000;Pont Daladier Vélos [Bike IN];19;brute;Mairie d'Avignon Service Mobilité;vélo;20201129040000;YTH19058714;43.95094043703588;4.8022500733126225;844663.4752643049;6318532.925286681;4.8022500733126225;43.95094043703588;2021;20210129161624
;101052947;20210122000000;Pont Daladier Vélos Vélos sortie de ville;44;brute;Mairie d'Avignon Service Mobilité;vélo;20190701000000;YTH19058714;43.95094043703588;4.8022500733126225;844663.4752643049;6318532.925286681;4.8022500733126225;43.95094043703588;2021;20210129161616
;101058052;20210122000000;Thiers vers St Lazare  < 12 kmh;5;brute;Mairie d'Avignon Service Mobilité;vélo;20200127000000;X2H19111551;43.94737000002229;4.8177;845912.5277065535;6318164.725833958;4.8177;43.94737000002229;2021;20210129161632
;101052947;20210129000000;Pont Daladier Vélos Vélos sortie de ville;331;brute;Mairie d'Avignon Service Mobilité;vélo;20190701000000;YTH19058714;43.95094043703588;4.8022500733126225;844663.4752643049;6318532.925286681;4.8022500733126225;43.95094043703588;2021;20210131060631
;100052946;20210124000000;Pont Daladier Piétons;1311;brute;Mairie d'Avignon Service Mobilité;piéton;20190701000000;Y2H19058715;43.95111000002228;4.80119;844577.9700478094;6318549.81990354;4.80119;43.95111000002228;2021;20210131060700
;102058052;20210124000000;St Lazare vers Thiers < 12 kmh;33;brute;Mairie d'Avignon Service Mobilité;vélo;20200127000000;X2H19111551;43.94737000002229;4.8177;845912.5277065535;6318164.725833958;4.8177;43.94737000002229;2021;20210131060651
;353242244;20210124000000;Pont Daladier Vélos [Bike OUT];196;brute;Mairie d'Avignon Service Mobilité;vélo;20201129040000;YTH19058714;43.95094043703588;4.8022500733126225;844663.4752643049;6318532.925286681;4.8022500733126225;43.95094043703588;2021;20210131060642
;101052947;20210125000000;Pont Daladier Vélos Vélos sortie de ville;261;brute;Mairie d'Avignon Service Mobilité;vélo;20190701000000;YTH19058714;43.95094043703588;4.8022500733126225;844663.4752643049;6318532.925286681;4.8022500733126225;43.95094043703588;2021;20210131060628
;101058052;20210126000000;Thiers vers St Lazare  < 12 kmh;55;brute;Mairie d'Avignon Service Mobilité;vélo;20200127000000;X2H19111551;43.94737000002229;4.8177;845912.5277065535;6318164.725833958;4.8177;43.94737000002229;2021;20210131060648
;102052946;20210126000000;Pont Daladier Piétons Piétons entrée de ville;313;brute;Mairie d'Avignon Service Mobilité;piéton;20190701000000;Y2H19058715;43.95111000002228;4.80119;844577.9700478094;6318549.81990354;4.80119;43.95111000002228;2021;20210131060624
;353242244;20210125000000;Pont Daladier Vélos [Bike OUT];139;brute;Mairie d'Avignon Service Mobilité;vélo;20201129040000;YTH19058714;43.95094043703588;4.8022500733126225;844663.4752643049;6318532.925286681;4.8022500733126225;43.95094043703588;2021;20210131060643
;102058052;20210126000000;St Lazare vers Thiers < 12 kmh;56;brute;Mairie d'Avignon Service Mobilité;vélo;20200127000000;X2H19111551;43.94737000002229;4.8177;845912.5277065535;6318164.725833958;4.8177;43.94737000002229;2021;20210131060652
;102052946;20210129000000;Pont Daladier Piétons Piétons entrée de ville;456;brute;Mairie d'Avignon Service Mobilité;piéton;20190701000000;Y2H19058715;43.95111000002228;4.80119;844577.9700478094;6318549.81990354;4.80119;43.95111000002228;2021;20210131060626
;353242244;20210127000000;Pont Daladier Vélos [Bike OUT];154;brute;Mairie d'Avignon Service Mobilité;vélo;20201129040000;YTH19058714;43.95094043703588;4.8022500733126225;844663.4752643049;6318532.925286681;4.8022500733126225;43.95094043703588;2021;20210131060644
;353242241;20210126000000;Pont Daladier Vélos [Bike IN];56;brute;Mairie d'Avignon Service Mobilité;vélo;20201129040000;YTH19058714;43.95094043703588;4.8022500733126225;844663.4752643049;6318532.925286681;4.8022500733126225;43.95094043703588;2021;20210131060638
;102058052;20210125000000;St Lazare vers Thiers < 12 kmh;63;brute;Mairie d'Avignon Service Mobilité;vélo;20200127000000;X2H19111551;43.94737000002229;4.8177;845912.5277065535;6318164.725833958;4.8177;43.94737000002229;2021;20210131060652
;353242244;20210129000000;Pont Daladier Vélos [Bike OUT];178;brute;Mairie d'Avignon Service Mobilité;vélo;20201129040000;YTH19058714;43.95094043703588;4.8022500733126225;844663.4752643049;6318532.925286681;4.8022500733126225;43.95094043703588;2021;20210131060645
;102052947;20210129000000;Pont Daladier Vélos Vélos entrée de ville;240;brute;Mairie d'Avignon Service Mobilité;vélo;20190701000000;YTH19058714;43.95094043703588;4.8022500733126225;844663.4752643049;6318532.925286681;4.8022500733126225;43.95094043703588;2021;20210131060635
;102052947;20210130000000;Pont Daladier Vélos Vélos entrée de ville;110;brute;Mairie d'Avignon Service Mobilité;vélo;20190701000000;YTH19058714;43.95094043703588;4.8022500733126225;844663.4752643049;6318532.925286681;4.8022500733126225;43.95094043703588;2021;20210131060636
;101052946;20210128000000;Pont Daladier Piétons Piétons sortie de ville;500;brute;Mairie d'Avignon Service Mobilité;piéton;20190701000000;Y2H19058715;43.95111000002228;4.80119;844577.9700478094;6318549.81990354;4.80119;43.95111000002228;2021;20210131060620
;102052947;20210127000000;Pont Daladier Vélos Vélos entrée de ville;223;brute;Mairie d'Avignon Service Mobilité;vélo;20190701000000;YTH19058714;43.95094043703588;4.8022500733126225;844663.4752643049;6318532.925286681;4.8022500733126225;43.95094043703588;2021;20210131060634
;102052947;20210128000000;Pont Daladier Vélos Vélos entrée de ville;225;brute;Mairie d'Avignon Service Mobilité;vélo;20190701000000;YTH19058714;43.95094043703588;4.8022500733126225;844663.4752643049;6318532.925286681;4.8022500733126225;43.95094043703588;2021;20210131060635
;353242244;20210126000000;Pont Daladier Vélos [Bike OUT];108;brute;Mairie d'Avignon Service Mobilité;vélo;20201129040000;YTH19058714;43.95094043703588;4.8022500733126225;844663.4752643049;6318532.925286681;4.8022500733126225;43.95094043703588;2021;20210131060643
;102052947;20210125000000;Pont Daladier Vélos Vélos entrée de ville;198;brute;Mairie d'Avignon Service Mobilité;vélo;20190701000000;YTH19058714;43.95094043703588;4.8022500733126225;844663.4752643049;6318532.925286681;4.8022500733126225;43.95094043703588;2021;20210131060633
;102058052;20210129000000;St Lazare vers Thiers < 12 kmh;63;brute;Mairie d'Avignon Service Mobilité;vélo;20200127000000;X2H19111551;43.94737000002229;4.8177;845912.5277065535;6318164.725833958;4.8177;43.94737000002229;2021;20210131060654
;101058052;20210125000000;Thiers vers St Lazare  < 12 kmh;52;brute;Mairie d'Avignon Service Mobilité;vélo;20200127000000;X2H19111551;43.94737000002229;4.8177;845912.5277065535;6318164.725833958;4.8177;43.94737000002229;2021;20210131060647
;100052946;20210125000000;Pont Daladier Piétons;832;brute;Mairie d'Avignon Service Mobilité;piéton;20190701000000;Y2H19058715;43.95111000002228;4.80119;844577.9700478094;6318549.81990354;4.80119;43.95111000002228;2021;20210131060700
;100052946;20210127000000;Pont Daladier Piétons;880;brute;Mairie d'Avignon Service Mobilité;piéton;20190701000000;Y2H19058715;43.95111000002228;4.80119;844577.9700478094;6318549.81990354;4.80119;43.95111000002228;2021;20210131060700
;103058052;20210126000000;Thiers vers St Lazare entre 12 et 21 kmh;273;brute;Mairie d'Avignon Service Mobilité;vélo;20200127000000;X2H19111551;43.94737000002229;4.8177;845912.5277065535;6318164.725833958;4.8177;43.94737000002229;2021;20210131060657
;101052947;20210124000000;Pont Daladier Vélos Vélos sortie de ville;344;brute;Mairie d'Avignon Service Mobilité;vélo;20190701000000;YTH19058714;43.95094043703588;4.8022500733126225;844663.4752643049;6318532.925286681;4.8022500733126225;43.95094043703588;2021;20210131060628
;102058052;20210128000000;St Lazare vers Thiers < 12 kmh;67;brute;Mairie d'Avignon Service Mobilité;vélo;20200127000000;X2H19111551;43.94737000002229;4.8177;845912.5277065535;6318164.725833958;4.8177;43.94737000002229;2021;20210131060653
;102058052;20210127000000;St Lazare vers Thiers < 12 kmh;60;brute;Mairie d'Avignon Service Mobilité;vélo;20200127000000;X2H19111551;43.94737000002229;4.8177;845912.5277065535;6318164.725833958;4.8177;43.94737000002229;2021;20210131060653
;103058052;20210130000000;Thiers vers St Lazare entre 12 et 21 kmh;94;brute;Mairie d'Avignon Service Mobilité;vélo;20200127000000;X2H19111551;43.94737000002229;4.8177;845912.5277065535;6318164.725833958;4.8177;43.94737000002229;2021;20210131060659
;102052947;20210126000000;Pont Daladier Vélos Vélos entrée de ville;171;brute;Mairie d'Avignon Service Mobilité;vélo;20190701000000;YTH19058714;43.95094043703588;4.8022500733126225;844663.4752643049;6318532.925286681;4.8022500733126225;43.95094043703588;2021;20210131060633
;102052946;20210125000000;Pont Daladier Piétons Piétons entrée de ville;379;brute;Mairie d'Avignon Service Mobilité;piéton;20190701000000;Y2H19058715;43.95111000002228;4.80119;844577.9700478094;6318549.81990354;4.80119;43.95111000002228;2021;20210131060623
;353242241;20210124000000;Pont Daladier Vélos [Bike IN];101;brute;Mairie d'Avignon Service Mobilité;vélo;20201129040000;YTH19058714;43.95094043703588;4.8022500733126225;844663.4752643049;6318532.925286681;4.8022500733126225;43.95094043703588;2021;20210131060637
;100052947;20210130000000;Pont Daladier Vélos;400;brute;Mairie d'Avignon Service Mobilité;vélo;20190701000000;YTH19058714;43.95094043703588;4.8022500733126225;844663.4752643049;6318532.925286681;4.8022500733126225;43.95094043703588;2021;20210131060700
;103058052;20210127000000;Thiers vers St Lazare entre 12 et 21 kmh;248;brute;Mairie d'Avignon Service Mobilité;vélo;20200127000000;X2H19111551;43.94737000002229;4.8177;845912.5277065535;6318164.725833958;4.8177;43.94737000002229;2021;20210131060657
;100052946;20210128000000;Pont Daladier Piétons;966;brute;Mairie d'Avignon Service Mobilité;piéton;20190701000000;Y2H19058715;43.95111000002228;4.80119;844577.9700478094;6318549.81990354;4.80119;43.95111000002228;2021;20210131060700
;101052946;20210129000000;Pont Daladier Piétons Piétons sortie de ville;525;brute;Mairie d'Avignon Service Mobilité;piéton;20190701000000;Y2H19058715;43.95111000002228;4.80119;844577.9700478094;6318549.81990354;4.80119;43.95111000002228;2021;20210131060621
;100052947;20210128000000;Pont Daladier Vélos;866;brute;Mairie d'Avignon Service Mobilité;vélo;20190701000000;YTH19058714;43.95094043703588;4.8022500733126225;844663.4752643049;6318532.925286681;4.8022500733126225;43.95094043703588;2021;20210131060700
;101052946;20210125000000;Pont Daladier Piétons Piétons sortie de ville;453;brute;Mairie d'Avignon Service Mobilité;piéton;20190701000000;Y2H19058715;43.95111000002228;4.80119;844577.9700478094;6318549.81990354;4.80119;43.95111000002228;2021;20210131060619
;100052946;20210126000000;Pont Daladier Piétons;689;brute;Mairie d'Avignon Service Mobilité;piéton;20190701000000;Y2H19058715;43.95111000002228;4.80119;844577.9700478094;6318549.81990354;4.80119;43.95111000002228;2021;20210131060700
;101052947;20210128000000;Pont Daladier Vélos Vélos sortie de ville;349;brute;Mairie d'Avignon Service Mobilité;vélo;20190701000000;YTH19058714;43.95094043703588;4.8022500733126225;844663.4752643049;6318532.925286681;4.8022500733126225;43.95094043703588;2021;20210131060630
;102058052;20210130000000;St Lazare vers Thiers < 12 kmh;33;brute;Mairie d'Avignon Service Mobilité;vélo;20200127000000;X2H19111551;43.94737000002229;4.8177;845912.5277065535;6318164.725833958;4.8177;43.94737000002229;2021;20210131060655
;103058052;20210124000000;Thiers vers St Lazare entre 12 et 21 kmh;136;brute;Mairie d'Avignon Service Mobilité;vélo;20200127000000;X2H19111551;43.94737000002229;4.8177;845912.5277065535;6318164.725833958;4.8177;43.94737000002229;2021;20210131060656
;101052946;20210126000000;Pont Daladier Piétons Piétons sortie de ville;376;brute;Mairie d'Avignon Service Mobilité;piéton;20190701000000;Y2H19058715;43.95111000002228;4.80119;844577.9700478094;6318549.81990354;4.80119;43.95111000002228;2021;20210131060619
;100052946;20210130000000;Pont Daladier Piétons;579;brute;Mairie d'Avignon Service Mobilité;piéton;20190701000000;Y2H19058715;43.95111000002228;4.80119;844577.9700478094;6318549.81990354;4.80119;43.95111000002228;2021;20210131060700
;101058052;20210130000000;Thiers vers St Lazare  < 12 kmh;19;brute;Mairie d'Avignon Service Mobilité;vélo;20200127000000;X2H19111551;43.94737000002229;4.8177;845912.5277065535;6318164.725833958;4.8177;43.94737000002229;2021;20210131060650
;102052946;20210130000000;Pont Daladier Piétons Piétons entrée de ville;269;brute;Mairie d'Avignon Service Mobilité;piéton;20190701000000;Y2H19058715;43.95111000002228;4.80119;844577.9700478094;6318549.81990354;4.80119;43.95111000002228;2021;20210131060626
;353242244;20210130000000;Pont Daladier Vélos [Bike OUT];84;brute;Mairie d'Avignon Service Mobilité;vélo;20201129040000;YTH19058714;43.95094043703588;4.8022500733126225;844663.4752643049;6318532.925286681;4.8022500733126225;43.95094043703588;2021;20210131060646
;100052946;20210129000000;Pont Daladier Piétons;981;brute;Mairie d'Avignon Service Mobilité;piéton;20190701000000;Y2H19058715;43.95111000002228;4.80119;844577.9700478094;6318549.81990354;4.80119;43.95111000002228;2021;20210131060700
;103058052;20210128000000;Thiers vers St Lazare entre 12 et 21 kmh;279;brute;Mairie d'Avignon Service Mobilité;vélo;20200127000000;X2H19111551;43.94737000002229;4.8177;845912.5277065535;6318164.725833958;4.8177;43.94737000002229;2021;20210131060658
;103058052;20210125000000;Thiers vers St Lazare entre 12 et 21 kmh;284;brute;Mairie d'Avignon Service Mobilité;vélo;20200127000000;X2H19111551;43.94737000002229;4.8177;845912.5277065535;6318164.725833958;4.8177;43.94737000002229;2021;20210131060656
;353242244;20210128000000;Pont Daladier Vélos [Bike OUT];199;brute;Mairie d'Avignon Service Mobilité;vélo;20201129040000;YTH19058714;43.95094043703588;4.8022500733126225;844663.4752643049;6318532.925286681;4.8022500733126225;43.95094043703588;2021;20210131060644
;353242241;20210130000000;Pont Daladier Vélos [Bike IN];47;brute;Mairie d'Avignon Service Mobilité;vélo;20201129040000;YTH19058714;43.95094043703588;4.8022500733126225;844663.4752643049;6318532.925286681;4.8022500733126225;43.95094043703588;2021;20210131060641
;353242241;20210128000000;Pont Daladier Vélos [Bike IN];93;brute;Mairie d'Avignon Service Mobilité;vélo;20201129040000;YTH19058714;43.95094043703588;4.8022500733126225;844663.4752643049;6318532.925286681;4.8022500733126225;43.95094043703588;2021;20210131060640
;353242241;20210129000000;Pont Daladier Vélos [Bike IN];100;brute;Mairie d'Avignon Service Mobilité;vélo;20201129040000;YTH19058714;43.95094043703588;4.8022500733126225;844663.4752643049;6318532.925286681;4.8022500733126225;43.95094043703588;2021;20210131060640
;101052947;20210130000000;Pont Daladier Vélos Vélos sortie de ville;159;brute;Mairie d'Avignon Service Mobilité;vélo;20190701000000;YTH19058714;43.95094043703588;4.8022500733126225;844663.4752643049;6318532.925286681;4.8022500733126225;43.95094043703588;2021;20210131060631
;101052946;20210127000000;Pont Daladier Piétons Piétons sortie de ville;469;brute;Mairie d'Avignon Service Mobilité;piéton;20190701000000;Y2H19058715;43.95111000002228;4.80119;844577.9700478094;6318549.81990354;4.80119;43.95111000002228;2021;20210131060620
;102052946;20210127000000;Pont Daladier Piétons Piétons entrée de ville;411;brute;Mairie d'Avignon Service Mobilité;piéton;20190701000000;Y2H19058715;43.95111000002228;4.80119;844577.9700478094;6318549.81990354;4.80119;43.95111000002228;2021;20210131060625
;101052947;20210127000000;Pont Daladier Vélos Vélos sortie de ville;306;brute;Mairie d'Avignon Service Mobilité;vélo;20190701000000;YTH19058714;43.95094043703588;4.8022500733126225;844663.4752643049;6318532.925286681;4.8022500733126225;43.95094043703588;2021;20210131060630
;100052947;20210125000000;Pont Daladier Vélos;666;brute;Mairie d'Avignon Service Mobilité;vélo;20190701000000;YTH19058714;43.95094043703588;4.8022500733126225;844663.4752643049;6318532.925286681;4.8022500733126225;43.95094043703588;2021;20210131060700
;353242241;20210127000000;Pont Daladier Vélos [Bike IN];92;brute;Mairie d'Avignon Service Mobilité;vélo;20201129040000;YTH19058714;43.95094043703588;4.8022500733126225;844663.4752643049;6318532.925286681;4.8022500733126225;43.95094043703588;2021;20210131060639
;102052946;20210124000000;Pont Daladier Piétons Piétons entrée de ville;661;brute;Mairie d'Avignon Service Mobilité;piéton;20190701000000;Y2H19058715;43.95111000002228;4.80119;844577.9700478094;6318549.81990354;4.80119;43.95111000002228;2021;20210131060623
;101058052;20210128000000;Thiers vers St Lazare  < 12 kmh;58;brute;Mairie d'Avignon Service Mobilité;vélo;20200127000000;X2H19111551;43.94737000002229;4.8177;845912.5277065535;6318164.725833958;4.8177;43.94737000002229;2021;20210131060649
;103058052;20210129000000;Thiers vers St Lazare entre 12 et 21 kmh;290;brute;Mairie d'Avignon Service Mobilité;vélo;20200127000000;X2H19111551;43.94737000002229;4.8177;845912.5277065535;6318164.725833958;4.8177;43.94737000002229;2021;20210131060658
;101052946;20210130000000;Pont Daladier Piétons Piétons sortie de ville;310;brute;Mairie d'Avignon Service Mobilité;piéton;20190701000000;Y2H19058715;43.95111000002228;4.80119;844577.9700478094;6318549.81990354;4.80119;43.95111000002228;2021;20210131060622
;102052947;20210124000000;Pont Daladier Vélos Vélos entrée de ville;198;brute;Mairie d'Avignon Service Mobilité;vélo;20190701000000;YTH19058714;43.95094043703588;4.8022500733126225;844663.4752643049;6318532.925286681;4.8022500733126225;43.95094043703588;2021;20210131060632
;101058052;20210124000000;Thiers vers St Lazare  < 12 kmh;46;brute;Mairie d'Avignon Service Mobilité;vélo;20200127000000;X2H19111551;43.94737000002229;4.8177;845912.5277065535;6318164.725833958;4.8177;43.94737000002229;2021;20210131060646
;101052947;20210126000000;Pont Daladier Vélos Vélos sortie de ville;224;brute;Mairie d'Avignon Service Mobilité;vélo;20190701000000;YTH19058714;43.95094043703588;4.8022500733126225;844663.4752643049;6318532.925286681;4.8022500733126225;43.95094043703588;2021;20210131060629
;100052947;20210124000000;Pont Daladier Vélos;839;brute;Mairie d'Avignon Service Mobilité;vélo;20190701000000;YTH19058714;43.95094043703588;4.8022500733126225;844663.4752643049;6318532.925286681;4.8022500733126225;43.95094043703588;2021;20210131060700
;101052946;20210122000000;Pont Daladier Piétons Piétons sortie de ville;68;brute;Mairie d'Avignon Service Mobilité;piéton;20190701000000;Y2H19058715;43.95111000002228;4.80119;844577.9700478094;6318549.81990354;4.80119;43.95111000002228;2021;20210129161606
;102052946;20210122000000;Pont Daladier Piétons Piétons entrée de ville;27;brute;Mairie d'Avignon Service Mobilité;piéton;20190701000000;Y2H19058715;43.95111000002228;4.80119;844577.9700478094;6318549.81990354;4.80119;43.95111000002228;2021;20210129161611
;103058052;20210122000000;Thiers vers St Lazare entre 12 et 21 kmh;44;brute;Mairie d'Avignon Service Mobilité;vélo;20200127000000;X2H19111551;43.94737000002229;4.8177;845912.5277065535;6318164.725833958;4.8177;43.94737000002229;2021;20210129161640
